Nome,hashtag
Avatar: Fogo e Cinzas,avatarfogoecinzas
Wicked: Parte 2,wickedparte2
O Mandaloriano e Grogu,omandalorianoegrogu
Avengers: Doomsday,avengersdoomsday
Greenland 2: Migration,greenland2migration
Truque de Mestre: O 3° Ato,truquedemestreo3ato
Zootopia 2,zootopia2
Predador: Terras Selvagens,predadorterrasselvagens
The Bride!,thebride
28 Years Later: The Bone Temple,28yearslaterthebonetemple
Five Nights at Freddy's 2,fivenightsatfreddys2
Anaconda,anaconda
Vivo ou Morto: Um Mistério Knives Out,vivooumortoummistrioknivesout
A Empregada,aempregada
Homem-Aranha: Um Novo Dia,homemaranhaumnovodia
O Sobrevivente,osobrevivente
A Odisseia,aodisseia
C’est quoi l’amour?,cestquoilamour
Police Flash 80,policeflash80
Ramayana: Parte Um,ramayanaparteum
Mere Raho,mereraho
The Magic Faraway Tree,themagicfarawaytree
Доктор Гаф,
劇場版 緊急取調室 THE FINAL,thefinal
Война и мир,
Perfectly Imperfect,perfectlyimperfect
Shrek 5,shrek5
Rebuilding,rebuilding
Carry On Jatta 4,carryonjatta4
Mastiii 4,mastiii4
Within,within
हक़,
Exit Protocol,exitprotocol
Ёлки 12,12
Calle Málaga,callemlaga
A Árvore do Conhecimento,arvoredoconhecimento
Spider-Man: Beyond the Spider-Verse,spidermanbeyondthespiderverse
O'Romeo,oromeo
日本統一７１,
வா வாத்தியார்,
Sonic 4: O Filme,sonic4ofilme
Woodwalkers 2,woodwalkers2
金髪,
Nightmares,nightmares
Untitled Teenage Mutant Ninja Turtles: Mutant Mayhem sequel,untitledteenagemutantninjaturtlesmutantmayhemsequel
The Super Mario Galaxy Movie,thesupermariogalaxymovie
Jumanji 3,jumanji3
Nuremberg,nuremberg
"Good Luck, Have Fun, Don't Die!",goodluckhavefundontdie
自殺通告,
Mutiny,mutiny
君の顔では泣けない,
Throbbin' 84,throbbin84
"Cara de Um, Focinho de Outro",caradeumfocinhodeoutro
Pohádky po babičce,pohdkypobabice
Mortal Kombat 2,mortalkombat2
The Rip,therip
పెద్ది,
ఆల్కహాల్,
Яга на нашу голову,
Just Breathe,justbreathe
Le Pays d’Arto,lepaysdarto
舞台「呪術廻戦」-懐玉・玉折-,
The Chosen: Season 6 Finale,thechosenseason6finale
Toy Story 5,toystory5
Werwulf,werwulf
అనగనగా ఒక రాజు,
Les Enfants de la Résistance,lesenfantsdelarsistance
Vingadores: Guerras Secretas,vingadoresguerrassecretas
The Angry Birds Movie 3,theangrybirdsmovie3
Moana,moana
白の花実,
Огненный мальчик,
狂野时代,
Lucky Lu,luckylu
Trap House,traphouse
नागज़िला: नाग लोक का पहला कांड,
ది రాజా సాబ్,
نجوم الأمل و الألم,
রান্না বাটি,
Ready or Not: Here I Come,readyornothereicome
লহ গৌরাঙ্গের নাম রে,
Os Incríveis 3,osincrveis3
Авиатор,
Домовенок Кузя 2,2
Gérald le Conquérant,graldleconqurant
Race/America,raceamerica
Nightmare Hospital,nightmarehospital
Hamnet: A Vida Antes de Hamlet,hamnetavidaantesdehamlet
National Theatre Live: Hamlet,nationaltheatrelivehamlet
The Magnificent Raiders of Dimension War One,themagnificentraidersofdimensionwarone
ゴールデンカムイ 網走監獄襲撃編,
Star Wars: Starfighter,starwarsstarfighter
Космическая собака Лида,
A Royal Christmas Hope,aroyalchristmashope
Goodbye June,goodbyejune
旅と日々,
तू मेरी मैं तेरा मैं तेरा तू मेरी,
O Conto do Czar Saltan,ocontodoczarsaltan
Leave,leave
終点のあの子,
На выброс,
Que ma volonté soit faite,quemavolontsoitfaite
మన శంకర వరప్రసాద్ గారు,
À pied d’œuvre,piedduvre
Pânico 7,pnico7
കത്തനാർ,
Смешарики. Космическая экскурсия,
以父亲之名,
Искупление,
Animal Farm,animalfarm
Duna: Parte Três,dunapartetrs
A Centésima Noite,acentsimanoite
Buen Camino,buencamino
ஜன நாயகன்,
Return to Silent Hill,returntosilenthill
Cocorico 2,cocorico2
O Diabo Veste Prada 2,odiabovesteprada2
पहला महायुद्ध,
Le Cri des gardes,lecridesgardes
How to Rob a Bank,howtorobabank
Juste une illusion,justeuneillusion
Somnanbule,somnanbule
Приключения старика Хоттабыча,
Virginia Woolf's Night & Day,virginiawoolfsnightday
Чудо-Юдо,
ملكة القطن,
दूसरा महायुद्ध,
The Chosen: Season 7 Premiere,thechosenseason7premiere
Focker-In-Law,fockerinlaw
Selon Joy,selonjoy
La Grazia,lagrazia
तेरे इश्क़ में,
Jingle Bell Heist,jinglebellheist
सनम तेरी कसम 2,2
സർവം മായ,
BORN SEXY YESTERDAY: Decoding the Enigma of Beauty,bornsexyyesterdaydecodingtheenigmaofbeauty
Les Braises,lesbraises
Fuori la verità,fuorilaverit
楓,
Hell in Paradise,hellinparadise
Chasse gardée 2,chassegarde2
栄光のバックホーム,
Попутчики,
Melt My Heart This Christmas,meltmyheartthischristmas
स्त्री 3,3
Narnia,narnia
The Pout-Pout Fish,thepoutpoutfish
恋愛裁判,
Peau d'homme,peaudhomme
"Fear Nothing, I’m With You",fearnothingimwithyou
迷宮のしおり,
Saving the Christmas Ranch,savingthechristmasranch
兄を持ち運べるサイズに,
As Estações,asestaes
The Resurrection of the Christ: Part Two,theresurrectionofthechristparttwo
Judy,judy
劇場版 呪術廻戦「渋谷事変 特別編集版」×「死滅回游 先行上映」,
流浪地球3,3
Sehnsucht in Sangerhausen,sehnsuchtinsangerhausen
Under The Stars,underthestars
டிமான்டி காலனி 3,3
The Dog Stars,thedogstars
佐藤さんと佐藤さん,
Devoradores de Estrelas,devoradoresdeestrelas
Man of Tomorrow,manoftomorrow
Умка,
Cold Storage,coldstorage
The President's Cake,thepresidentscake
Blood Lines,bloodlines
Diary of a Wimpy Kid: The Last Straw,diaryofawimpykidthelaststraw
বিজয়নগরের হীরে,
Fackham Hall,fackhamhall
Nos Seus Sonhos,nosseussonhos
映画ラストマン -FIRST LOVE-,firstlove
Jay Kelly,jaykelly
Um Natal Bem Jonas Brothers,umnatalbemjonasbrothers
ভানুপ্রিয়া ভূতের হোটেল,
राजा शिवाजी,
"Silent Night, Deadly Night",silentnightdeadlynight
గూఢచారి 2,2
Маша и Медведи,
Um Cabra Bom De Bola,umcabrabomdebola
ആട് 3,3
Família de Aluguel,famliadealuguel
Due cuori e due capanne,duecuorieduecapanne
平場の月,
Холоп 3,3
Silent Friend,silentfriend
Charlie the Wonderdog,charliethewonderdog
ロマンティック・キラー,
Drishyam 3,drishyam3
The Legend of Aang: The Last Airbender,thelegendofaangthelastairbender
Over Your Dead Body,overyourdeadbody
120  बहादुर,120
Marty Supreme,martysupreme
Der Medicus II,dermedicusii
Vishwanath and sons,vishwanathandsons
Train Dreams,traindreams
Christmas in Amish Country,christmasinamishcountry
Красавица,
Bob Esponja: Em Busca da Calça Quadrada,bobesponjaembuscadacalaquadrada
Send Help,sendhelp
நூறுசாமி,
T’as pas changé,taspaschang
Holiday Touchdown: A Bills Love Story,holidaytouchdownabillslovestory
इक्कीस,
Psycho Killer,psychokiller
Christy,christy
Dhamaal 4,dhamaal4
Terrifier 4,terrifier4
The Plague,theplague
Minions 3,minions3
Michael,michael
Sharks N Da Hood,sharksndahood
Louise,louise
Sarah's Oil,sarahsoil
Father Mother Sister Brother,fathermothersisterbrother
Невероятные приключения Шурика,
O Morro dos Ventos Uivantes,omorrodosventosuivantes
Scarlet,scarlet
L’Âme Idéale,lmeidale
Sacamantecas,sacamantecas
星と月は天の穴,
Eternity,eternity
উইঙ্কল টুইঙ্কল,
Завербованный,
BLKNWS: Terms & Conditions,blknwstermsconditions
Приключения пингвиненка,
Das geheime Stockwerk,dasgeheimestockwerk
Pinóquio e a Água da Vida,pinquioeaguadavida
The Thomas Crown Affair,thethomascrownaffair
Варвара-краса,
港のひかり,
Снеговик,
FaceTape,facetape
Jimpa,jimpa
A Royal Christmas Manor,aroyalchristmasmanor
Sabbatical,sabbatical
Stargazed,stargazed
Da Magia à Sedução 2,damagiaseduo2
Fausse note,faussenote
The Paradise,theparadise
N121 Bus de nuit,n121busdenuit
Cada día nace un listo,cadadanaceunlisto
Supergirl,supergirl
Night Patrol,nightpatrol
இந்தியன் III: War Mode,iiiwarmode
Margie Claus,margieclaus
Zero A.D.,zeroad
Due famiglie e un funerale,duefamiglieeunfunerale
Planètes,plantes
Marsupilami,marsupilami
Dossier 137,dossier137
Murder at the Embassy,murderattheembassy
பராசக்தி,
Les Misérables,lesmisrables
ಮಾರ್ಕ್,
भेड़िया 2,2
260 dana,260dana
Finding Emily,findingemily
দম,
Les enfants vont bien,lesenfantsvontbien
Mestres do Universo,mestresdouniverso
Pillion,pillion
Todos los lados de la cama,todoslosladosdelacama
Anna,anna
Coartadas,coartadas
A Era do Gelo 6,aeradogelo6
A Arca e o Aardvark,aarcaeoaardvark
Merrily We Roll Along,merrilywerollalong
日掛中天,
La Mort viendra,lamortviendra
Приключения желтого чемоданчика,
Dead Howling,deadhowling
वन,
Young Washington,youngwashington
Whistle,whistle
Равиоли Оли,
Coyote vs. Acme,coyotevsacme
Primate,primate
Como Treinar o Seu Dragão 2,comotreinaroseudrago2
Jogos Vorazes: Amanhecer na Colheita,jogosvorazesamanhecernacolheita
No Entry 2,noentry2
Несвятая Валентина,
ஜெயிலர் 2,2
चामुंडा,
Dente di cinghiale,dentedicinghiale
Maigret et le mort amoureux,maigretetlemortamoureux
L'infiltrée,linfiltre
जटाधरा,
Desperate Journey,desperatejourney
Тёща 2,2
Penance,penance
Someone Dies Tonight,someonediestonight
आवारापन 2,2
Jean Valjean,jeanvaljean
The Gettysburg Address,thegettysburgaddress
トリツカレ男,
La Poupée,lapoupe
7ஜி ரெயின்போ காலனி 2,72
Dacoit,dacoit
SOULM8TE,soulm8te
Jimmy,jimmy
Reminders of Him,remindersofhim
殺手#4,4
La Danse des renards,ladansedesrenards
Protector,protector
Violent Night 2,violentnight2
Untitled The Batman Sequel,untitledthebatmansequel
Single on the 25th,singleonthe25th
Imperfeitamente Perfeita,imperfeitamenteperfeita
O Gatola da Cartola,ogatoladacartola
Ma frère,mafrre
The Third Parent,thethirdparent
Frankenstein: Legacy,frankensteinlegacy
The Breadwinner,thebreadwinner
Para Sempre Minha,parasempreminha
The Social Reckoning,thesocialreckoning
Street Fighter,streetfighter
Crime 101,crime101
Renaître,renatre
Song Sung Blue,songsungblue
Agentes Muito Especiais,agentesmuitoespeciais
木挽町のあだ討ち,
더 밸리,
Alpha,alpha
劇場版「暗殺教室」みんなの時間,
Is God Is,isgodis
Verity,verity
Miami Vice,miamivice
Justa,justa
"Ach, diese Lücke, diese entsetzliche Lücke",achdieselckedieseentsetzlichelcke
クスノキの番人,
Holy Meat,holymeat
Arnie & Barney,arniebarney
Peter Hujar's Day,peterhujarsday
Apenas Coisas Boas,apenascoisasboas
ब्रह्मास्त्र भाग दो,
Три богатыря и свет клином,
Ídolos,dolos
Mercy,mercy
Nirwana Blüte,nirwanablte
Run,run
I'm Beginning To See the Light,imbeginningtoseethelight
मिर्ज़ापुर,
Sukkwan Island,sukkwanisland
新解釈・幕末伝,
The Dish,thedish
Deep Water,deepwater
Ceux qui comptent,ceuxquicomptent
仮面ライダーガヴギルティ・パルフェ,
L'Engloutie,lengloutie
万事快調〈オール・グリーンズ〉,
Gourou,gourou
On sera heureux,onseraheureux
धुरंधर,
Christmas Karma,christmaskarma
Lost & Found in Cleveland,lostfoundincleveland
Lowland Kids,lowlandkids
A Royal Christmas Tail,aroyalchristmastail
The Nightingale,thenightingale
The Ascent,theascent
Dreamers,dreamers
Dust Bunny,dustbunny
The Black Pearl,theblackpearl
Волшебник Изумрудного города. Великий и Ужасный,
Todo Mundo em Pânico 6,todomundoempnico6
Captain Zero: The Movie,captainzerothemovie
(Des)controle,descontrole
Infinite Icon: A Visual Memoir,infiniteiconavisualmemoir
Shiver,shiver
Children of Blood and Bone,childrenofbloodandbone
Giant,giant
Ramayana: Parte Dois,ramayanapartedois
Wings of Freedom,wingsoffreedom
Hunting Season,huntingseason
White Snail,whitesnail
劇場版 僕の心のヤバイやつ,
Les parfait(s),lesparfaits
Still Hope,stillhope
Les filles du ciel,lesfillesduciel
Primavera,primavera
The Resurrection of the Christ: Part One,theresurrectionofthechristpartone
신의 악단,
劇場版 転生したらスライムだった件 蒼海の涙編,
Fate,fate
Grand Ciel,grandciel
The Lunar Chronicles,thelunarchronicles
La familia Benetón +2,lafamiliabenetn2
The Street Avenger,thestreetavenger
The Growcodile,thegrowcodile
Good Luck,goodluck
Tinsel Town,tinseltown
Sans pitié,sanspiti
Winter of the Crow,winterofthecrow
Le Gang des amazones,legangdesamazones
Frozen III,frozeniii
Godzilla x Kong: Supernova,godzillaxkongsupernova
Small Clouds,smallclouds
Animal Friends,animalfriends
Untitled K-Pop Movie,untitledkpopmovie
Whoever Steals This Book,whoeverstealsthisbook
Ein Münchner im Himmel,einmnchnerimhimmel
Les Rêveurs,lesrveurs
A Christmas Murder Mystery,achristmasmurdermystery
The Lord of the Rings: The Hunt for Gollum,thelordoftheringsthehuntforgollum
Corpus Delicti,corpusdelicti
Cara de Barro,caradebarro
Xarax,xarax
Resident Evil,residentevil
리플레이,
ラブライブ！虹ヶ咲学園スクールアイドル同好会 完結編 第2章,2
Traumatika,traumatika
Silver Star,silverstar
Bajo tus pies,bajotuspies
Flowervale Street,flowervalestreet
قضية الغرباء,
Die drei ??? – Toteninsel,diedreitoteninsel
Isso Ainda Está de Pé,issoaindaestdep
The More the Merrier,themorethemerrier
B-Roll,broll
Prendiamoci una pausa,prendiamociunapausa
F.A.S.T.,fast
Italianna,italianna
Unexpected Christmas,unexpectedchristmas
Remain,remain
Il maestro,ilmaestro
Hexed,hexed
Кощей. Тайна живой воды,
眾生相,
L'Illusion de Yakushima,lillusiondeyakushima
Моя собака – космонавт,
Abuela tremenda,abuelatremenda
Insidious: The Bleeding World,insidiousthebleedingworld
The Choral,thechoral
La maison des femmes,lamaisondesfemmes
Bardot,bardot
Шум времени,
Pierre the Pigeon-Hawk,pierrethepigeonhawk
David,david
The Violinist,theviolinist
Oh. What. Fun.,ohwhatfun
Skate to Hell,skatetohell
STZ,stz
Leo & Lou,leolou
Globetrotter,globetrotter
The Last Whale Singer,thelastwhalesinger
Dalit Subbaiah - Voice of the Rebels,dalitsubbaiahvoiceoftherebels
One Night Only,onenightonly
Rote Sterne überm Feld,rotesternebermfeld
Iron Lung,ironlung
"The King, the Swordsman and the Sorceress",thekingtheswordsmanandthesorceress
The Singing Priest,thesingingpriest
Sarı Harfler,sarharfler
Reversion,reversion
Богатыри,
Wicked: One Wonderful Night,wickedonewonderfulnight
"Mektoub, My Love: Canto Due",mektoubmylovecantodue
Park Avenue,parkavenue
L'Inconnu de la Grande Arche,linconnudelagrandearche
Keadilan,keadilan
Kika,kika
Dante's Inferni,dantesinferni
Addition,addition
The Love Doctor,thelovedoctor
Emperor Vs. Sarat Chandra,emperorvssaratchandra
La Bonne étoile,labonnetoile
Andhra King Taluka,andhrakingtaluka
Le Fantôme de l'Opéra,lefantmedelopra
A Newport Christmas,anewportchristmas
Astérix: Le Royaume de Nubie,astrixleroyaumedenubie
Karma,karma
დამხმარე როლი,
劇場版総集編 ガールズバンドクライ 【後編】 なぁ、未来。,
Whalefall,whalefall
No Mercy,nomercy
Der Schimmelreiter,derschimmelreiter
Frontera,frontera
TOKYOタクシー,tokyo
Una famiglia sottosopra,unafamigliasottosopra
L’Olívia i el terratrèmol invisible,lolviaielterratrmolinvisible
All This Time,allthistime
Subsuelo,subsuelo
无名之辈：意义非凡,
Being Frank,beingfrank
Aashiqui 3,aashiqui3
Six jours ce printemps-là,sixjoursceprintempsl
Formen moderner Erschöpfung,formenmodernererschpfung
Athos 2643,athos2643
Bad Fairies,badfairies
Простоквашино,
Пропасть,
4 Kids Walk Into a Bank,4kidswalkintoabank
PAW Patrol: The Dino Movie,pawpatrolthedinomovie
Karen Kingsbury's The Christmas Ring,karenkingsburysthechristmasring
Nino dans la nuit,ninodanslanuit
Chłopiec na krańcach świata,chopiecnakracachwiata
Outerlands,outerlands
Отель «У погибшего альпиниста»,
Forgotten Island,forgottenisland
Johnny,johnny
Saipan,saipan
Behind the Palm Trees,behindthepalmtrees
The Wizard of the Kremlin,thewizardofthekremlin
Love Me Tender,lovemetender
Solo Mio,solomio
Vidas olímpicas,vidasolmpicas
Твое сердце будет разбито,
A Merry Little Ex-Mas,amerrylittleexmas
People We Meet on Vacation,peoplewemeetonvacation
Christmas Eve,christmaseve
Lee Cronin's The Mummy,leecroninsthemummy
生息之地,
Есть только МиГ,
மென்டல் மனதில்,
Bog neće pomoći,bogneepomoi
तू या मैं,
Волчок,
I Wish You All the Best,iwishyouallthebest
The Legend of Zelda,thelegendofzelda
Untitled Trey Parker / Matt Stone / Kendrick Lamar Comedy,untitledtreyparkermattstonekendricklamarcomedy
Tres de más,tresdems
Vade Retro,vaderetro
"Oh, the Places You'll Go!",ohtheplacesyoullgo
Bibi Blocksberg - Das große Hexentreffen,bibiblocksbergdasgroehexentreffen
Петрушка,
Don't Call Me Columbo,dontcallmecolumbo
Bagarre,bagarre
Le rêve américain,lerveamricain
ജാംബി,
Où vont les âmes?,ovontlesmes
Mahavatar,mahavatar
Hai Jawani Toh Ishq Hona Hai,haijawanitohishqhonahai
"Sie glauben an Engel, Herr Drowak?",sieglaubenanengelherrdrowak
Sonnenkönigin,sonnenknigin
Литвяк,
Mnemonix,mnemonix
Dynamic Duo,dynamicduo
ஒன்ஸ் மோர்,
Смешарики: Сквозь вселенные,
Marion's Lilies,marionslilies
Torrente presidente,torrentepresidente
Earth to Colby,earthtocolby
Más allá de la montaña,msalldelamontaa
Chers parents,chersparents
Bluey: O Filme,blueyofilme
Tapped,tapped
Diabolic,diabolic
Clash of the Thundermans,clashofthethundermans
Order of the Dragon,orderofthedragon
A Quiet Place Part III,aquietplacepartiii
Наш папа – Дед Мороз!,
महा मुंज्या,
Буратино,
Король и Шут. Навсегда,
Gustaakh Ishq,gustaakhishq
Kaamelott - Deuxième volet (deuxième partie),kaamelottdeuximevoletdeuximepartie
Three Bags Full: A Sheep Detective Movie,threebagsfullasheepdetectivemovie
Elise sous emprise,elisesousemprise
The Housekeeper,thehousekeeper
Die Ältern,dieltern
L’affaire Bojarski,laffairebojarski
Evil Dead Burn,evildeadburn
"Brunello, il visionario garbato",brunelloilvisionariogarbato
Castration Movie Anthology iii. Year of the Hyaena,castrationmovieanthologyiiiyearofthehyaena
ఛాంపియన్,
Письмо Деду Морозу,
40 secondi,40secondi
Schwesterherz,schwesterherz
Make Me Feel,makemefeel
Photograph 51,photograph51
Wasteman,wasteman
I Can Only Imagine 2,icanonlyimagine2
Toxic,toxic
Forbidden Fruits,forbiddenfruits
La petite cuisine de Mehdi,lapetitecuisinedemehdi
Other Mommy,othermommy
Welcome Home Baby,welcomehomebaby
Juste Xavier,justexavier
Gaua,gaua
三滴血,
Mauvaise Pioche,mauvaisepioche
Своя в доску,
Ducobu et le fantôme de Saint-Potache,ducobuetlefantmedesaintpotache
I Swiped the Wrong One,iswipedthewrongone
Golpes,golpes
LarryBoy: A VeggieTales Movie,larryboyaveggietalesmovie
After All,afterall
千金不换,
À Beira do Cais,beiradocais
Love & War,lovewar
Queen of the Rats,queenoftherats
Остров Сухо,
Cut Off,cutoff
Das Leben der Wünsche,daslebenderwnsche
Eastern Western,easternwestern
Autoscopie,autoscopie
Royal Runaways,royalrunaways
Flores para Antonio,floresparaantonio
NTR Neel,ntrneel
Velhos Bandidos,velhosbandidos
Homens mortos não conta história,homensmortosnocontahistria
Rondallas,rondallas
Palliative,palliative
Dumas - Diable noir,dumasdiablenoir
Truth or Dare,truthordare
Ammazzare stanca - Autobiografia di un assassino,ammazzarestancaautobiografiadiunassassino
L’Enfant du Désert,lenfantdudsert
Winter of Empires,winterofempires
Untitled Live-Action Brichos Film,untitledliveactionbrichosfilm
LOL 2.0,lol20
Илия Муромец,
Snoopy's Big City Adventure: A Peanuts Movie,snoopysbigcityadventureapeanutsmovie
Dick Van Dyke: 100th Celebration,dickvandyke100thcelebration
Dites-lui que je l’aime,ditesluiquejelaime
Das Fenster in Stockholm – Astrid Lindgrens Kriegstagebücher,dasfensterinstockholmastridlindgrenskriegstagebcher
"Человек, который смеётся",
Масленица,
Роман с того света,
Gatto,gatto
Der perfekte Urlaub,derperfekteurlaub
What If the Future Never Happened?,whatifthefutureneverhappened
Extrawurst,extrawurst
The Last Druid,thelastdruid
A Keller Christmas Vacation,akellerchristmasvacation
Quella sottile linea,quellasottilelinea
Fwends,fwends
Silvio Santos Vem Aí!,silviosantosvema
Растворитель,
パリに咲くエトワール,
Don't They Know It's the End of the World?,donttheyknowitstheendoftheworld
Apophis 2029,apophis2029
"Blessed: Live, Laugh,Run!",blessedlivelaughrun
I Love Lucca Comics & Games,iloveluccacomicsgames
Anatole Latuile,anatolelatuile
Возвращение мамонтенка,
Rotting,rotting
She's Making a List,shesmakingalist
Добрый доктор,
The Mouse Trap: Welcome to the Mickeyverse,themousetrapwelcometothemickeyverse
GAME,game
Cost of Living,costofliving
白兔二,
Shaun the Sheep: The Beast of Mossy Bottom,shaunthesheepthebeastofmossybottom
Коты Эрмитажа 2. Тайна египетского зала,2
L'Incroyable femme des neiges,lincroyablefemmedesneiges
Slide,slide
Une fille en or,unefilleenor
The Fuzzies,thefuzzies
Allah n'est pas obligé,allahnestpasoblig
U.V.F: Underground Video Films,uvfundergroundvideofilms
Klajumā aiz meža,klajumaizmea
Teenage Mutant Ninja Turtles: Chrome Alone 2 - Lost in New Jersey,teenagemutantninjaturtleschromealone2lostinnewjersey
Ȧ la poursuite du Père Noël !,lapoursuiteduprenol
Caravaggio,caravaggio
Hugo,hugo
Tidings For The Season,tidingsfortheseason
शक्ति शालिनी,
A Hundred Acre Christmas,ahundredacrechristmas
Довженко. Легенда українського кіно,
Tiempos furiosos,tiemposfuriosos
We Met in December,wemetindecember
45,45
பிளேம்ஸ்,
The Case for Miracles,thecaseformiracles
Bhooth Bangla,bhoothbangla
La condition,lacondition
Девятая планета,
Fantômas,fantmas
GenX: the Saga of Forever Chemicals,genxthesagaofforeverchemicals
Царевна-лягушка 2,2
Морозко,
Angel,angel
Mardaani 3,mardaani3
Peleliu: Guernica of Paradise,peleliuguernicaofparadise
Des preuves d'amour,despreuvesdamour
Ein schöner Ort,einschnerort
মন মানে না,
Christmas at the Catnip Cafe,christmasatthecatnipcafe
Fingertips,fingertips
Os Perebas,osperebas
Liebe ist kein Rummel,liebeistkeinrummel
Семьянин,
Don't Trip,donttrip
Dann passiert das Leben,dannpassiertdasleben
Голосовой помощник,
Valencia - Capítulo IV: Albacete,valenciacaptuloivalbacete
Wizardream,wizardream
Finn,finn
Os Lendários,oslendrios
Animal Totem,animaltotem
Stromberg - Wieder alles wie immer,strombergwiederalleswieimmer
Ich sterbe. Kommst du?,ichsterbekommstdu
On The Edge,ontheedge
Чебурашка 2,2
Rupture,rupture
"Человек, который смеётся",
Fogo do Vento,fogodovento
Veronica's Secret,veronicassecret
A Figgly Christmas,afigglychristmas
Aída y vuelta,adayvuelta
Bibi Blocksberg 2,bibiblocksberg2
Indecipherable,indecipherable
"TMNT: Evolution, Mutation, and Reboot",tmntevolutionmutationandreboot
Poof,poof
The Great Christmas Snow-In,thegreatchristmassnowin
Fire in the Pond,fireinthepond
Laurent dans le vent,laurentdanslevent
Exhibition on Screen: Caravaggio,exhibitiononscreencaravaggio
Mpobe & The Mysterious World,mpobethemysteriousworld
shuteye,shuteye
"Now, Irving Rapper",nowirvingrapper
bodybags,bodybags
Prep & Landing: The Snowball Protocol,preplandingthesnowballprotocol
Untitled GoPro Action/Horror,untitledgoproactionhorror
Glint,glint
ভালোবাসি তোকে ভালোবেসে,
ナイトフラワー,
Detetives do Prédio Azul 4: O Fantástico Reino de Ondion,detetivesdoprdioazul4ofantsticoreinodeondion
Champagne Problems,champagneproblems
Raging Moms,ragingmoms
Final Moments: The Asteroid Returns,finalmomentstheasteroidreturns
Левша,
National Theatre Live: The Fifth Step,nationaltheatrelivethefifthstep
The Social Distance,thesocialdistance
In Search of Darkness: 1995-1999,insearchofdarkness19951999
Zanni,zanni
Mission Santa: Yoyo To The Rescue,missionsantayoyototherescue
La magia dell'uovo,lamagiadelluovo
Жемчуг,
Them Bones,thembones
Five Stars,fivestars
Сивка-бурка,
Ariel,ariel
Promis le ciel,promisleciel
Mirrors,mirrors
Колотун,
Chicken Little: ReHatched,chickenlittlerehatched
Buds,buds
Baise-en-ville,baiseenville
Prompt,prompt
DOPAMINE,dopamine
Frijoles,frijoles
Царевна Несмеяна,
Vengeance Rising,vengeancerising
Комментируй это,
New Jersey Devil,newjerseydevil
TAPS,taps
Abyss in the basement,abyssinthebasement
Horst Schlämmer sucht das Glück,horstschlmmersuchtdasglck
A Single Frame,asingleframe
Epitaph,epitaph
Сказочные выходные,
Ruthless Atonement,ruthlessatonement
La pire mère au monde,lapiremreaumonde
Siamo in un film di Alberto Sordi?,siamoinunfilmdialbertosordi
Уволить Жору,
"The Model, The Mannequin, and Me",themodelthemannequinandme
Smalltown Girl,smalltowngirl
Googie,googie
Дом ходуном,
Historia De Fantasmas.,historiadefantasmas
Spare,spare
The Raven of Baltimore City,theravenofbaltimorecity
Weeping Rocks,weepingrocks
A Guardian's Heart,aguardiansheart
John Cleese Packs It In,johncleesepacksitin
Room Temperature,roomtemperature
Best Of Joy: Chapter 2 - History,bestofjoychapter2history
Soul Trader,soultrader
Alt-Right-Tab,altrighttab
Devil's Work,devilswork
The Astronaut,theastronaut
Starlight,starlight
Jessica Frost,jessicafrost
Ein fast perfekter Antrag,einfastperfekterantrag
A Man Worth Killing,amanworthkilling
Shared Bodies,sharedbodies
Hunters '25,hunters25
Piero Pelù - Rumore dentro,pieropelrumoredentro
"Furcy, né libre",furcynlibre
Cellblock B: Enter The Dream Canyon,cellblockbenterthedreamcanyon
Der Held vom Bahnhof Friedrichstraße,derheldvombahnhoffriedrichstrae
Meanboat,meanboat
Checker Tobi 3 - Die heimliche Herrscherin der Erde,checkertobi3dieheimlicheherrscherindererde
Грузовички,
Strawberry Sweet Killers,strawberrysweetkillers
Ждун 2,2
Marrow,marrow
The Oracles of God: The Story of the New Testament,theoraclesofgodthestoryofthenewtestament
Sculpture,sculpture
Project Eggman,projecteggman
49 Miles More,49milesmore
Wendehorn,wendehorn
Trigger,trigger
Hotel Papucaia,hotelpapucaia
Hermit,hermit
Full Meals,fullmeals
Little Lamb,littlelamb
G.O.D. Tech,godtech
Absolute Cinema,absolutecinema
The Bob And Larry Movie,thebobandlarrymovie
Yellow leaves on the concrete,yellowleavesontheconcrete
As Dez Vantagens de Morrer Depois de Você,asdezvantagensdemorrerdepoisdevoc
Untitled Leave Me Alone Sequel,untitledleavemealonesequel
Exhaustion Lines,exhaustionlines
Made in EU,madeineu
A6,a6
Diary of a Wimpy Kid: The Getaway,diaryofawimpykidthegetaway
"Willie Peyote, elegia sabauda",williepeyoteelegiasabauda
Slowly,slowly
Karateka,karateka
Чёрный шёлк,
Pickle For Pickleball,pickleforpickleball
As Everything Falls Apart,aseverythingfallsapart
Once Upon A Time On The Internet,onceuponatimeontheinternet
Valencia - Capítulo III: Sabadell,valenciacaptuloiiisabadell
L'Immortel,limmortel
রায়বাঘিনী ভবশংকরী,
Le chant des forêts,lechantdesforts
Too Soon,toosoon
Para atrapar el viento,paraatraparelviento
Inside That House,insidethathouse
Dead By Dawn,deadbydawn
Thirty-Three,thirtythree
Hansel and Gretel,hanselandgretel
Primos,primos
Королевство кривых зеркал,
The Silent Drift,thesilentdrift
По-братски,
Type of Rain,typeofrain
Batman: Outlaw Justice,batmanoutlawjustice
A Palette for Murder,apaletteformurder
Te protegerán mis alas,teprotegernmisalas
A Lie to Save My Life,alietosavemylife
Glimmer,glimmer
More Beautiful Than Death,morebeautifulthandeath
Bunny Eats Tiger,bunnyeatstiger
Permis de détruire,permisdedtruire
Mads Mikkelsen - Le diable au corps,madsmikkelsenlediableaucorps
Grey Days,greydays
Pudding,pudding
Wrong House,wronghouse
Filmmaker,filmmaker
Untitled Dog Horror Movie,untitleddoghorrormovie
Agata Christian - Delitto sulle nevi,agatachristiandelittosullenevi
Untitled Ashwath Marimuthu Project,untitledashwathmarimuthuproject
SPECIOUS,specious
Ветер,
Don't Run II,dontrunii
Vira-Lata,viralata
Turner & Constable,turnerconstable
Nocturne,nocturne
Historias del buen valle,historiasdelbuenvalle
Triste y Vacía,tristeyvaca
Don Perdição,donperdio
VANN TURN,vannturn
Foreign Tides,foreigntides
"Beautiful, Pam",beautifulpam
Weyes,weyes
Pellemorta,pellemorta
Christmas Stalkings,christmasstalkings
The Tell-Tale Heart,thetelltaleheart
Magenta House,magentahouse
A Morte Não Se Farta,amortenosefarta
Coming Out,comingout
Massaïa,massaa
The IV Maledictions,theivmaledictions
"""I Don't Wanna Do This Anymore""",idontwannadothisanymore
Backstage,backstage
The Collected Pieces of Eleanor Ross,thecollectedpiecesofeleanorross
Entrevista com Júlio,entrevistacomjlio
わたしが恋人になれるわけないじゃん、ムリムリ!（※ムリじゃなかった!?）～ネクストシャイン！～,
Penumbra 4,penumbra4
Rocky Wake,rockywake
SCARECROW,scarecrow
REEL,reel
The cycle,thecycle
Dear Lydia,dearlydia
Floodland,floodland
Have A Heart,haveaheart
All'ordine della notte,allordinedellanotte
The Boulder,theboulder
Спарта 2. Гоплиты,2
Resurrection,resurrection
Stray Signals,straysignals
Parts of us,partsofus
Jane,jane
Винни Пух и все-все-все,
Jenseits der Täuschung,jenseitsdertuschung
Um Grande Especial de Natal de Moon & Jeff (pra que tanto D?),umgrandeespecialdenataldemoonjeffpraquetantod
APOTEOSE 85,apoteose85
Папа может,
Love & Other Crimes,loveothercrimes
Volcanic vs. Pedex,volcanicvspedex
Forsaken: Rise Of cOOlkidd,forsakenriseofcoolkidd
Фуко,
The Figures of Home,thefiguresofhome
28 Hours Later,28hourslater
easy on the turns,easyontheturns
Steckerlfischfiasko,steckerlfischfiasko
Aestas,aestas
Cena di Classe,cenadiclasse
Turma da Mônica: O Filme,turmadamnicaofilme
Elle entend pas la moto,elleentendpaslamoto
CRONY,crony
3xHelô,3xhel
Black Men in Uniform: The Untold Story,blackmeninuniformtheuntoldstory
Не одна дома 3,3
Secrets,secrets
They Persist,theypersist
Yurlu | Country,yurlucountry
Tokyo In 33 RPM,tokyoin33rpm
'Lightspeed',lightspeed
The Devil’s Disguise,thedevilsdisguise
15 ਦੀ ਸਜ਼ਾ,15
La Vie après Siham,lavieaprssiham
Poshington: The Grand Finale,poshingtonthegrandfinale
Duplicity,duplicity
Tutto l'universo,tuttoluniverso
Felicidad,felicidad
Das fast normale Leben,dasfastnormaleleben
Prorrogação,prorrogao
ブルーボーイ事件,
Eve,eve
Tainá e os Guardiões da Amazônia - Em Busca da Flecha Azul,taineosguardiesdaamazniaembuscadaflechaazul
Gemelas,gemelas
GONE PARK,gonepark
A Tight Squeeze,atightsqueeze
Lost in Tomorrow,lostintomorrow
వాయుపుత్ర,
Girl,girl
Marie-Rose et le Mystérieux Voyage,marieroseetlemystrieuxvoyage
Sunscream,sunscream
Un Desmadre en 3D,undesmadreen3d
Friend of the Year,friendoftheyear
When Lightning Flashes Over the Sea,whenlightningflashesoverthesea
Das Ungesagte,dasungesagte
Milestone No. 3,milestoneno3
The Naughty List,thenaughtylist
Augmented,augmented
BAHUBURA,bahubura
hiRto.,hirto
Makiko,makiko
Polypharmakos,polypharmakos
Woodwalkers 3,woodwalkers3
What Hides in Us,whathidesinus
Cement Grass,cementgrass
Mein Freund Barry,meinfreundbarry
Дополнительное время,
Minha Vida com Shurastey,minhavidacomshurastey
Dragons In Seattle,dragonsinseattle
The Cold Tears,thecoldtears
Finding Hozho,findinghozho
Juste après l'été,justeaprslt
Adrienne,adrienne
Волки,
Le Cinquième Plan de « La Jetée »,lecinquimeplandelajete
Midwestern Cowboy,midwesterncowboy
Flores para lucia,floresparalucia
GƎNƎSIS,gnsis
Im Osten was Neues,imostenwasneues
Yo recuerdo,yorecuerdo
La camera di consiglio,lacameradiconsiglio
వెండెట్టా-ది SK ఫిల్మ్,sk
Forget-me-not,forgetmenot
Peanutbutter and Jam,peanutbutterandjam
My Name is Walt,mynameiswalt
The Skipper Social Quarter Hour,theskippersocialquarterhour
Siempre es invierno,siempreesinvierno
Chiranjeevi Hanuman: The Eternal,chiranjeevihanumantheeternal
Blooming in Silence,bloominginsilence
Meine Freundin Conni 2,meinefreundinconni2
João Ninguém,jooningum
Past Life,pastlife
The Tale of Kumbhaganj,thetaleofkumbhaganj
Terra: Reckoning,terrareckoning
Bright Future,brightfuture
Лукоморье,
Der Tod ist ein Arschloch,dertodisteinarschloch
Radical Rubber Band Ball of Chris,radicalrubberbandballofchris
"no worries, mate",noworriesmate
"Life, and nothing more",lifeandnothingmore
la fille aux talons d'argile,lafilleauxtalonsdargile
Anatomia de um Relógio,anatomiadeumrelgio
COLEGA DE QUARTO,colegadequarto
Untitled Dadasaheb Phalke biopic,untitleddadasahebphalkebiopic
Depois da Ocupação,depoisdaocupao
Among Us,amongus
11/16,1116
Mall Santas Must Die,mallsantasmustdie
LA bête du Gévaudan 3,labtedugvaudan3
The Heart Star Movie,theheartstarmovie
Guarda Mato,guardamato
Sozinhos,sozinhos
Too Less Time,toolesstime
Prick,prick
Aurore,aurore
Le grand retour des annulés,legrandretourdesannuls
The French Agent,thefrenchagent
"Nosotros, los Wolf",nosotrosloswolf
Trajados,trajados
Cantos Escuros 2: A Madição de Safira,cantosescuros2amadiodesafira
TOTEM,totem
Fuck Instagram,fuckinstagram
Miss Rosa,missrosa
സേവിയും സുഹറയും,
Три кота. 10 лет,10
Faim De Vie,faimdevie
Ryuichi Sakamoto: Diaries,ryuichisakamotodiaries
Semer et Récolter,semeretrcolter
I Still Am,istillam
Kingdom Hearts,kingdomhearts
The Prelude's Coda,thepreludescoda
The Last First Date,thelastfirstdate
Muffin Pimentinha Detona a Locadora,muffinpimentinhadetonaalocadora
The Spirit of Christmas Station,thespiritofchristmasstation
Cortinilla SMMX - 11va Edición,cortinillasmmx11vaedicin
Consumido Hasta la Carne,consumidohastalacarne
작은 발자국: 카라 생추어리 다큐멘터리,
Котовасия,
The last years,thelastyears
De quel côté est la Seine ?,dequelctestlaseine
Ke Bontang,kebontang
Deadly Silence,deadlysilence
METAMORPHOSIS,metamorphosis
Mal Passado,malpassado
Dreigiau Cymreig Patagonia,dreigiaucymreigpatagonia
Detrás de la máscara,detrsdelamscara
Intent,intent
Сокровища гномов 2,2
Wie die Nelken,wiedienelken
KUDA -A LITTLE WHILE,kudaalittlewhile
Oh Laila Tere Peeche Padd Gaye Apni Jaan Nisaar Kar Gaye,ohlailaterepeechepaddgayeapnijaannisaarkargaye
De rojo te ves bien,derojotevesbien
Headcrackin',headcrackin
Царевна-лягушка 3,3
フェス・ゴジラ6 新世紀,6
STARDOM CRIMSON NIGHTMARE 2025,stardomcrimsonnightmare2025
Turboplatino,turboplatino
In-Fest,infest
Starvedlight,starvedlight
STARDOM DREAM QUEENDOM 2025,stardomdreamqueendom2025
Minus Magis,minusmagis
Fading at Dawn,fadingatdawn
Jee Le Zaraa,jeelezaraa
Haye Hukku Haye Hukku Haaye Haaye Haaye,hayehukkuhayehukkuhaayehaayehaaye
The Competitor,thecompetitor
వెండెట్టా-బీస్ట్ మోడ్,
