hashtag,quantidade_posts
avatarfogoecinzas,0
wickedparte2,5
omandalorianoegrogu,0
avengersdoomsday,5
greenland2migration,5
truquedemestreo3ato,0
zootopia2,5
predadorterrasselvagens,2
thebride,5
28yearslaterthebonetemple,5
fivenightsatfreddys2,5
anaconda,5
vivooumortoummistrioknivesout,0
aempregada,4
homemaranhaumnovodia,1
osobrevivente,5
aodisseia,4
cestquoilamour,0
policeflash80,0
ramayanaparteum,0
mereraho,1
themagicfarawaytree,5
,5
thefinal,5
,5
perfectlyimperfect,5
shrek5,5
rebuilding,5
carryonjatta4,0
mastiii4,5
within,5
,5
exitprotocol,2
12,5
callemlaga,0
arvoredoconhecimento,0
spidermanbeyondthespiderverse,5
oromeo,2
,5
,5
sonic4ofilme,0
woodwalkers2,2
,5
nightmares,5
untitledteenagemutantninjaturtlesmutantmayhemsequel,0
thesupermariogalaxymovie,5
jumanji3,5
nuremberg,5
goodluckhavefundontdie,5
,5
mutiny,5
,5
throbbin84,1
caradeumfocinhodeoutro,0
pohdkypobabice,0
mortalkombat2,5
therip,5
,5
,5
,5
justbreathe,5
lepaysdarto,1
,5
thechosenseason6finale,0
toystory5,5
werwulf,5
,5
lesenfantsdelarsistance,0
vingadoresguerrassecretas,3
theangrybirdsmovie3,5
moana,5
,5
,5
,5
luckylu,3
traphouse,5
,5
,5
,5
,5
readyornothereicome,5
,5
osincrveis3,0
,5
2,5
graldleconqurant,0
raceamerica,1
nightmarehospital,0
hamnetavidaantesdehamlet,0
nationaltheatrelivehamlet,0
themagnificentraidersofdimensionwarone,0
,5
starwarsstarfighter,5
,5
aroyalchristmashope,0
goodbyejune,5
,5
,5
ocontodoczarsaltan,0
leave,5
,5
,5
quemavolontsoitfaite,0
,5
piedduvre,0
pnico7,0
,5
,5
,5
,5
animalfarm,5
dunapartetrs,0
acentsimanoite,0
buencamino,5
,5
returntosilenthill,5
cocorico2,0
odiabovesteprada2,1
,5
lecridesgardes,1
howtorobabank,5
justeuneillusion,0
somnanbule,1
,5
virginiawoolfsnightday,0
,5
,5
,5
thechosenseason7premiere,0
fockerinlaw,5
selonjoy,0
lagrazia,5
,5
jinglebellheist,3
2,5
,5
bornsexyyesterdaydecodingtheenigmaofbeauty,0
lesbraises,5
fuorilaverit,0
,5
hellinparadise,1
chassegarde2,0
,5
,5
meltmyheartthischristmas,0
3,5
narnia,5
thepoutpoutfish,3
,5
peaudhomme,0
fearnothingimwithyou,0
,5
savingthechristmasranch,0
,5
asestaes,0
theresurrectionofthechristparttwo,0
judy,5
,5
3,5
sehnsuchtinsangerhausen,1
underthestars,5
3,5
thedogstars,5
,5
devoradoresdeestrelas,1
manoftomorrow,5
,5
coldstorage,5
thepresidentscake,5
bloodlines,5
diaryofawimpykidthelaststraw,2
,5
fackhamhall,5
nosseussonhos,0
firstlove,5
jaykelly,5
umnatalbemjonasbrothers,0
,5
,5
silentnightdeadlynight,5
2,5
,5
umcabrabomdebola,0
3,5
famliadealuguel,0
duecuorieduecapanne,0
,5
3,5
silentfriend,5
charliethewonderdog,5
,5
drishyam3,5
thelegendofaangthelastairbender,2
overyourdeadbody,3
120,5
martysupreme,5
dermedicusii,0
vishwanathandsons,0
traindreams,5
christmasinamishcountry,0
,5
bobesponjaembuscadacalaquadrada,0
sendhelp,5
,5
taspaschang,0
holidaytouchdownabillslovestory,0
,5
psychokiller,5
christy,5
dhamaal4,5
terrifier4,5
theplague,5
minions3,5
michael,5
sharksndahood,0
louise,5
sarahsoil,2
fathermothersisterbrother,5
,5
omorrodosventosuivantes,2
scarlet,5
lmeidale,0
sacamantecas,2
,5
eternity,5
,5
,5
blknwstermsconditions,5
,5
dasgeheimestockwerk,3
pinquioeaguadavida,0
thethomascrownaffair,5
,5
,5
,5
facetape,0
jimpa,5
aroyalchristmasmanor,0
sabbatical,5
stargazed,0
damagiaseduo2,0
faussenote,0
theparadise,5
n121busdenuit,0
cadadanaceunlisto,0
supergirl,5
nightpatrol,5
iiiwarmode,0
margieclaus,2
zeroad,5
duefamiglieeunfunerale,0
plantes,5
marsupilami,5
dossier137,5
murderattheembassy,1
,5
lesmisrables,0
,5
2,5
260dana,0
findingemily,0
,5
lesenfantsvontbien,0
mestresdouniverso,5
pillion,5
todoslosladosdelacama,3
anna,5
coartadas,2
aeradogelo6,2
aarcaeoaardvark,0
merrilywerollalong,5
,5
lamortviendra,2
,5
deadhowling,2
,5
youngwashington,5
whistle,5
,5
coyotevsacme,5
primate,5
comotreinaroseudrago2,0
jogosvorazesamanhecernacolheita,0
noentry2,5
,5
2,5
,5
dentedicinghiale,0
maigretetlemortamoureux,0
linfiltre,0
,5
desperatejourney,0
2,5
penance,5
someonediestonight,0
2,5
jeanvaljean,5
thegettysburgaddress,0
,5
lapoupe,0
72,5
dacoit,5
soulm8te,5
jimmy,5
remindersofhim,5
4,5
ladansedesrenards,0
protector,5
violentnight2,5
untitledthebatmansequel,0
singleonthe25th,0
imperfeitamenteperfeita,0
ogatoladacartola,1
mafrre,0
thethirdparent,2
frankensteinlegacy,4
thebreadwinner,5
parasempreminha,0
thesocialreckoning,5
streetfighter,5
crime101,5
renatre,0
songsungblue,5
agentesmuitoespeciais,0
,5
,5
alpha,5
,5
isgodis,1
verity,5
miamivice,5
justa,5
achdieselckedieseentsetzlichelcke,0
,5
holymeat,3
arniebarney,0
peterhujarsday,5
apenascoisasboas,0
,5
,5
dolos,1
mercy,5
nirwanablte,0
run,5
imbeginningtoseethelight,1
,5
sukkwanisland,3
,5
thedish,5
deepwater,5
ceuxquicomptent,0
,5
lengloutie,0
,5
gourou,5
onseraheureux,0
,5
christmaskarma,5
lostfoundincleveland,1
lowlandkids,1
aroyalchristmastail,0
thenightingale,5
theascent,5
dreamers,5
dustbunny,5
theblackpearl,2
,5
todomundoempnico6,0
captainzerothemovie,0
descontrole,2
infiniteiconavisualmemoir,0
shiver,5
childrenofbloodandbone,5
giant,5
ramayanapartedois,0
wingsoffreedom,1
huntingseason,5
whitesnail,4
,5
lesparfaits,0
stillhope,4
lesfillesduciel,0
primavera,5
theresurrectionofthechristpartone,0
,5
,5
fate,5
grandciel,0
thelunarchronicles,2
lafamiliabenetn2,0
thestreetavenger,0
thegrowcodile,0
goodluck,5
tinseltown,5
sanspiti,0
winterofthecrow,5
legangdesamazones,2
frozeniii,5
godzillaxkongsupernova,5
smallclouds,2
animalfriends,5
untitledkpopmovie,0
whoeverstealsthisbook,5
einmnchnerimhimmel,0
lesrveurs,0
achristmasmurdermystery,0
thelordoftheringsthehuntforgollum,5
corpusdelicti,5
caradebarro,5
xarax,5
residentevil,5
,5
2,5
traumatika,5
silverstar,5
bajotuspies,0
flowervalestreet,5
,5
diedreitoteninsel,0
issoaindaestdep,0
themorethemerrier,5
broll,5
prendiamociunapausa,0
fast,5
italianna,5
unexpectedchristmas,2
remain,5
ilmaestro,3
hexed,5
,5
,5
lillusiondeyakushima,0
,5
abuelatremenda,0
insidiousthebleedingworld,0
thechoral,5
lamaisondesfemmes,0
bardot,5
,5
pierrethepigeonhawk,1
david,5
theviolinist,2
ohwhatfun,5
skatetohell,0
stz,5
leolou,0
globetrotter,5
thelastwhalesinger,0
dalitsubbaiahvoiceoftherebels,0
onenightonly,5
rotesternebermfeld,0
ironlung,5
thekingtheswordsmanandthesorceress,0
thesingingpriest,0
sarharfler,0
reversion,5
,5
wickedonewonderfulnight,5
mektoubmylovecantodue,5
parkavenue,5
linconnudelagrandearche,2
keadilan,5
kika,5
dantesinferni,0
addition,5
thelovedoctor,0
emperorvssaratchandra,0
labonnetoile,0
andhrakingtaluka,5
lefantmedelopra,0
anewportchristmas,3
astrixleroyaumedenubie,0
karma,5
,5
,5
whalefall,5
nomercy,5
derschimmelreiter,2
frontera,5
tokyo,5
unafamigliasottosopra,0
lolviaielterratrmolinvisible,0
allthistime,5
subsuelo,5
,5
beingfrank,2
aashiqui3,5
sixjoursceprintempsl,0
formenmodernererschpfung,0
athos2643,5
badfairies,5
,5
,5
4kidswalkintoabank,2
pawpatrolthedinomovie,5
karenkingsburysthechristmasring,0
ninodanslanuit,0
chopiecnakracachwiata,0
outerlands,5
,5
forgottenisland,5
johnny,5
saipan,5
behindthepalmtrees,0
thewizardofthekremlin,5
lovemetender,5
solomio,4
vidasolmpicas,0
,5
amerrylittleexmas,5
peoplewemeetonvacation,5
christmaseve,5
leecroninsthemummy,0
,5
,5
,5
bogneepomoi,0
,5
,5
iwishyouallthebest,5
thelegendofzelda,5
untitledtreyparkermattstonekendricklamarcomedy,0
tresdems,0
vaderetro,5
ohtheplacesyoullgo,4
bibiblocksbergdasgroehexentreffen,0
,5
dontcallmecolumbo,0
bagarre,5
lerveamricain,0
,5
ovontlesmes,0
mahavatar,4
haijawanitohishqhonahai,3
sieglaubenanengelherrdrowak,0
sonnenknigin,0
,5
mnemonix,1
dynamicduo,5
,5
,5
marionslilies,0
torrentepresidente,0
earthtocolby,0
msalldelamontaa,0
chersparents,0
blueyofilme,0
tapped,2
diabolic,5
clashofthethundermans,1
orderofthedragon,0
aquietplacepartiii,5
,5
,5
,5
,5
gustaakhishq,5
kaamelottdeuximevoletdeuximepartie,0
threebagsfullasheepdetectivemovie,4
elisesousemprise,0
thehousekeeper,2
dieltern,0
laffairebojarski,0
evildeadburn,5
brunelloilvisionariogarbato,0
castrationmovieanthologyiiiyearofthehyaena,0
,5
,5
40secondi,0
schwesterherz,1
makemefeel,5
photograph51,3
wasteman,5
icanonlyimagine2,5
toxic,5
forbiddenfruits,5
lapetitecuisinedemehdi,0
othermommy,5
welcomehomebaby,5
justexavier,0
gaua,5
,5
mauvaisepioche,2
,5
ducobuetlefantmedesaintpotache,0
iswipedthewrongone,0
golpes,5
larryboyaveggietalesmovie,0
afterall,5
,5
beiradocais,0
lovewar,5
queenoftherats,0
,5
cutoff,5
daslebenderwnsche,0
easternwestern,0
autoscopie,0
royalrunaways,0
floresparaantonio,0
ntrneel,5
velhosbandidos,2
homensmortosnocontahistria,0
rondallas,2
palliative,5
dumasdiablenoir,0
truthordare,5
ammazzarestancaautobiografiadiunassassino,0
lenfantdudsert,0
winterofempires,0
untitledliveactionbrichosfilm,0
lol20,0
,5
snoopysbigcityadventureapeanutsmovie,0
dickvandyke100thcelebration,0
ditesluiquejelaime,0
dasfensterinstockholmastridlindgrenskriegstagebcher,0
,5
,5
,5
gatto,5
derperfekteurlaub,0
whatifthefutureneverhappened,0
extrawurst,5
thelastdruid,2
akellerchristmasvacation,2
quellasottilelinea,0
fwends,1
silviosantosvema,0
,5
,5
donttheyknowitstheendoftheworld,0
apophis2029,0
blessedlivelaughrun,0
iloveluccacomicsgames,0
anatolelatuile,0
,5
rotting,5
shesmakingalist,1
,5
themousetrapwelcometothemickeyverse,0
game,5
costofliving,5
,5
shaunthesheepthebeastofmossybottom,2
2,5
lincroyablefemmedesneiges,0
slide,5
unefilleenor,0
thefuzzies,1
allahnestpasoblig,0
uvfundergroundvideofilms,0
klajumaizmea,0
teenagemutantninjaturtleschromealone2lostinnewjersey,4
lapoursuiteduprenol,0
caravaggio,5
hugo,5
tidingsfortheseason,1
,5
ahundredacrechristmas,1
,5
tiemposfuriosos,0
wemetindecember,0
45,5
,5
thecaseformiracles,0
bhoothbangla,5
lacondition,0
,5
fantmas,1
genxthesagaofforeverchemicals,0
2,5
,5
angel,5
mardaani3,5
peleliuguernicaofparadise,0
despreuvesdamour,1
einschnerort,0
,5
christmasatthecatnipcafe,0
fingertips,5
osperebas,0
liebeistkeinrummel,0
,5
donttrip,2
dannpassiertdasleben,0
,5
valenciacaptuloivalbacete,0
wizardream,0
finn,5
oslendrios,0
animaltotem,5
strombergwiederalleswieimmer,0
ichsterbekommstdu,0
ontheedge,5
2,5
rupture,5
,5
fogodovento,1
veronicassecret,0
afigglychristmas,0
adayvuelta,0
bibiblocksberg2,0
indecipherable,3
tmntevolutionmutationandreboot,0
poof,5
thegreatchristmassnowin,0
fireinthepond,0
laurentdanslevent,0
exhibitiononscreencaravaggio,0
mpobethemysteriousworld,0
shuteye,5
nowirvingrapper,0
bodybags,5
preplandingthesnowballprotocol,0
untitledgoproactionhorror,0
glint,5
,5
,5
detetivesdoprdioazul4ofantsticoreinodeondion,0
champagneproblems,5
ragingmoms,0
finalmomentstheasteroidreturns,0
,5
nationaltheatrelivethefifthstep,0
thesocialdistance,0
insearchofdarkness19951999,1
zanni,3
missionsantayoyototherescue,0
lamagiadelluovo,0
,5
thembones,5
fivestars,5
,5
ariel,5
promisleciel,0
mirrors,5
,5
chickenlittlerehatched,0
buds,5
baiseenville,1
prompt,5
dopamine,5
frijoles,5
,5
vengeancerising,5
,5
newjerseydevil,0
taps,5
abyssinthebasement,0
horstschlmmersuchtdasglck,0
asingleframe,0
epitaph,5
,5
ruthlessatonement,0
lapiremreaumonde,0
siamoinunfilmdialbertosordi,0
,5
themodelthemannequinandme,0
smalltowngirl,1
googie,5
,5
historiadefantasmas,1
spare,5
theravenofbaltimorecity,0
weepingrocks,0
aguardiansheart,0
johncleesepacksitin,0
roomtemperature,5
bestofjoychapter2history,0
soultrader,0
altrighttab,0
devilswork,5
theastronaut,5
starlight,5
jessicafrost,0
einfastperfekterantrag,0
amanworthkilling,0
sharedbodies,0
hunters25,0
pieropelrumoredentro,0
furcynlibre,0
cellblockbenterthedreamcanyon,0
derheldvombahnhoffriedrichstrae,0
meanboat,0
checkertobi3dieheimlicheherrscherindererde,0
,5
strawberrysweetkillers,0
2,5
marrow,5
theoraclesofgodthestoryofthenewtestament,0
sculpture,5
projecteggman,0
49milesmore,0
wendehorn,0
trigger,5
hotelpapucaia,0
hermit,5
fullmeals,0
littlelamb,4
godtech,0
absolutecinema,5
thebobandlarrymovie,0
yellowleavesontheconcrete,0
asdezvantagensdemorrerdepoisdevoc,0
untitledleavemealonesequel,0
exhaustionlines,0
madeineu,5
a6,5
diaryofawimpykidthegetaway,0
williepeyoteelegiasabauda,0
slowly,5
karateka,5
,5
pickleforpickleball,0
aseverythingfallsapart,0
onceuponatimeontheinternet,0
valenciacaptuloiiisabadell,0
limmortel,0
,5
lechantdesforts,0
toosoon,5
paraatraparelviento,0
insidethathouse,0
deadbydawn,5
thirtythree,5
hanselandgretel,5
primos,5
,5
thesilentdrift,0
,5
typeofrain,0
batmanoutlawjustice,0
apaletteformurder,0
teprotegernmisalas,0
alietosavemylife,0
glimmer,5
morebeautifulthandeath,0
bunnyeatstiger,0
permisdedtruire,0
madsmikkelsenlediableaucorps,0
greydays,4
pudding,5
wronghouse,5
filmmaker,5
untitleddoghorrormovie,0
agatachristiandelittosullenevi,0
untitledashwathmarimuthuproject,0
specious,3
,5
dontrunii,0
viralata,5
turnerconstable,0
nocturne,5
historiasdelbuenvalle,0
tristeyvaca,0
donperdio,0
vannturn,0
foreigntides,0
beautifulpam,0
weyes,0
pellemorta,0
christmasstalkings,0
thetelltaleheart,5
magentahouse,0
amortenosefarta,0
comingout,5
massaa,0
theivmaledictions,0
idontwannadothisanymore,5
backstage,5
thecollectedpiecesofeleanorross,0
entrevistacomjlio,0
,5
penumbra4,0
rockywake,0
scarecrow,5
reel,5
thecycle,5
dearlydia,0
floodland,5
haveaheart,5
allordinedellanotte,0
theboulder,0
2,5
resurrection,5
straysignals,0
partsofus,0
jane,5
,5
jenseitsdertuschung,0
umgrandeespecialdenataldemoonjeffpraquetantod,0
apoteose85,0
,5
loveothercrimes,0
volcanicvspedex,0
forsakenriseofcoolkidd,0
,5
thefiguresofhome,0
28hourslater,0
easyontheturns,0
steckerlfischfiasko,1
aestas,3
cenadiclasse,1
turmadamnicaofilme,0
elleentendpaslamoto,0
crony,5
3xhel,0
blackmeninuniformtheuntoldstory,0
3,5
secrets,5
theypersist,0
yurlucountry,0
tokyoin33rpm,0
lightspeed,5
thedevilsdisguise,0
15,5
lavieaprssiham,0
poshingtonthegrandfinale,0
duplicity,5
tuttoluniverso,0
felicidad,5
dasfastnormaleleben,0
prorrogao,0
,5
eve,5
taineosguardiesdaamazniaembuscadaflechaazul,0
gemelas,2
gonepark,0
atightsqueeze,0
lostintomorrow,0
,5
girl,5
marieroseetlemystrieuxvoyage,0
sunscream,0
undesmadreen3d,0
friendoftheyear,0
whenlightningflashesoverthesea,1
dasungesagte,1
milestoneno3,0
thenaughtylist,0
augmented,5
bahubura,0
hirto,0
makiko,1
polypharmakos,0
woodwalkers3,0
whathidesinus,0
cementgrass,0
meinfreundbarry,0
,5
minhavidacomshurastey,0
dragonsinseattle,0
thecoldtears,0
findinghozho,0
justeaprslt,0
adrienne,5
,5
lecinquimeplandelajete,0
midwesterncowboy,0
floresparalucia,0
gnsis,0
imostenwasneues,0
yorecuerdo,5
lacameradiconsiglio,0
sk,5
forgetmenot,5
peanutbutterandjam,1
mynameiswalt,0
theskippersocialquarterhour,0
siempreesinvierno,5
chiranjeevihanumantheeternal,0
bloominginsilence,0
meinefreundinconni2,0
jooningum,0
pastlife,5
thetaleofkumbhaganj,0
terrareckoning,0
brightfuture,5
,5
dertodisteinarschloch,0
radicalrubberbandballofchris,0
noworriesmate,1
lifeandnothingmore,0
lafilleauxtalonsdargile,0
anatomiadeumrelgio,0
colegadequarto,0
untitleddadasahebphalkebiopic,0
depoisdaocupao,0
amongus,5
1116,0
mallsantasmustdie,0
labtedugvaudan3,0
theheartstarmovie,0
guardamato,0
sozinhos,3
toolesstime,0
prick,5
aurore,5
legrandretourdesannuls,0
thefrenchagent,0
nosotrosloswolf,0
trajados,0
cantosescuros2amadiodesafira,0
totem,5
fuckinstagram,5
missrosa,0
,5
10,5
faimdevie,0
ryuichisakamotodiaries,0
semeretrcolter,0
istillam,0
kingdomhearts,5
thepreludescoda,0
thelastfirstdate,0
muffinpimentinhadetonaalocadora,0
thespiritofchristmasstation,0
cortinillasmmx11vaedicin,0
consumidohastalacarne,0
,5
,5
thelastyears,1
dequelctestlaseine,0
kebontang,0
deadlysilence,0
metamorphosis,5
malpassado,0
dreigiaucymreigpatagonia,0
detrsdelamscara,0
intent,5
2,5
wiedienelken,0
kudaalittlewhile,0
ohlailaterepeechepaddgayeapnijaannisaarkargaye,0
derojotevesbien,0
headcrackin,0
3,5
6,5
stardomcrimsonnightmare2025,0
turboplatino,0
infest,5
starvedlight,0
stardomdreamqueendom2025,0
minusmagis,0
fadingatdawn,0
jeelezaraa,4
hayehukkuhayehukkuhaayehaayehaaye,0
thecompetitor,1
,5
strangerthings,5
sturmderliebe,5
friereneajornadaparaoalm,0
vilassamo,0
fallout,5
maxtonhallomundoentrens,0
goldenglobeawards,5
pluribus,5
spartacushouseofashur,5
sandokan,5
omanipulado,0
osabandonados,0
robinhood,5
tudojusto,0
omonstroemmim,0
atoltimosamurai,0
crutch,5
allherfault,5
themightynein,5
x,5
comoumrelmpago,0
1726,0
ilovela,5
anatomadeuninstante,0
thefaithful,5
acaada,0
,5
merteuil,3
striplaw,1
trinity,5
ocucodecristal,0
thetwelvedatestilchristmas,0
vocestaval,0
yakarta,5
,5
lashijasdelacriada,1
,5
arcadia,5
,5
sraplaymen,0
,5
,5
comoganharnaloteria,5
powerorigins,5
lasaventurasdealiciayfrancisco,0
theamericanrevolution,5
,5
masterchefcelebridades,2
thedanishwoman,1
,5
lerougeetlenoir,1
thedoomies,0
lestresbessones,0
zerostars,4
dsenchantes,0
,5
bythewaythebeginning,0
belief,5
singlepapa,4
rizzlernews,0
nokingstandsalone,0
,5
ss,5
beigelantern,0
incomingthegame,0
coal,5
letterstoaddy,0
whatstgottodowithit,0
madeinindiaatitanstory,0
actionmoviemayhem,0
teenkawwe,1
thestardusthotel,1
mariamadalena,1
lovelivebluebird,1
elementalnexus,0
pitagostop,0
guzkhanscustomcars,0
lesroisdelamain,0
betacrystal,0
prehistoricplaneticeage,2
theninthknot,0
thereddogs,0
outoftheshadows,5
forcesofnature,5
thelastsanctury,0
,5
breakouttheyoutuberstory,0
wiccan,5
jamesrodrguezladocuserie,0
benhur,5
vocmeviraacabea,0
droneland,0
dashaus,5
,5
adrenalineman,0
strikers,5
heartofthedawninferno,0
hardevidence,2
discretion,5
sisco,5
criminalconundrums,0
lifeinaglimpse,0
bluemoon,5
thevalley,5
strongertogether,5
smillasgesprfrschnee,0
dissonance,5
,5
tarot,5
talesofthebiblehistriasdabblia,0
insidesignaaufstiegundfalldesrenbenko,0
powerbookvlegacy,0
,5
malgrmoi,0
futurekidtakara,2
heatedrivalry,5
coraoacelerado,0
rjdecker,5
frierundfnfzigamendemeinertage,0
crewgirl,2
breakfromapocalypse,0
moneylender,1
detectivenaveed,0
,5
crimedsorganisaucurdeladlinquancejuvnile,0
thepetraultimateseries,0
tuxedoknife,0
husktoself,0
diamonddawnoftheprimal,0
